score,alea,epis
0.9896533,0.010049152,0.00019065669
0.9925324,0.0073010447,0.00011072859
0.9922168,0.007643665,7.8941295e-05